{
  "config": {
    "batch": 2,
    "cpu_count": 6,
    "embed_dim": 128,
    "head_dim": 32,
    "heads": 4,
    "num_codewords": 16,
    "platform": "macOS-26.6-arm64-arm-64bit",
    "python": "3.12.7",
    "refinement_budget": 4,
    "reps": 10,
    "seed": 0,
    "sequence_lengths": [
      128,
      256,
      512,
      1024
    ],
    "torch": "2.10.0",
    "warmup": 5
  },
  "results": [
    {
      "avqa": {
        "max_ms": 5.136209016200155,
        "mean_ms": 4.212787598953582,
        "median_ms": 4.146541497902945,
        "min_ms": 3.8021249929443,
        "samples_ms": [
          4.053750017192215,
          4.07075000111945,
          4.223500000080094,
          5.136209016200155,
          4.22233299468644,
          3.850916982628405,
          3.8021249929443,
          4.480582982068881,
          4.054083983646706,
          4.233625018969178
        ],
        "stdev_ms": 0.37937230867350746
      },
      "sdpa": {
        "max_ms": 0.25820801965892315,
        "mean_ms": 0.16452910203952342,
        "median_ms": 0.15333299234043807,
        "min_ms": 0.11008302681148052,
        "samples_ms": [
          0.2044999855570495,
          0.17583300359547138,
          0.13083298108540475,
          0.12004197924397886,
          0.11008302681148052,
          0.11733302380889654,
          0.12599999899975955,
          0.20654199761338532,
          0.19591700402088463,
          0.25820801965892315
        ],
        "stdev_ms": 0.05059901455157073
      },
      "sequence_length": 128,
      "speedup": 0.03697852593974619
    },
    {
      "avqa": {
        "max_ms": 9.599042008630931,
        "mean_ms": 8.369645796483383,
        "median_ms": 8.128208486596122,
        "min_ms": 7.474250014638528,
        "samples_ms": [
          7.70816599833779,
          8.477124996716157,
          9.149624995188788,
          7.474250014638528,
          8.1814999866765,
          7.76633300120011,
          8.074916986515746,
          9.244166983989999,
          8.021332992939278,
          9.599042008630931
        ],
        "stdev_ms": 0.7259463453906918
      },
      "sdpa": {
        "max_ms": 0.38800001493655145,
        "mean_ms": 0.3563331003533676,
        "median_ms": 0.3632704901974648,
        "min_ms": 0.28479102184064686,
        "samples_ms": [
          0.35612500505521894,
          0.37941598566249013,
          0.3169999981764704,
          0.38800001493655145,
          0.38337500882335007,
          0.35474999458529055,
          0.34708299790509045,
          0.3823750012088567,
          0.28479102184064686,
          0.3704159753397107
        ],
        "stdev_ms": 0.033160990641227094
      },
      "sequence_length": 256,
      "speedup": 0.0446925655015516
    },
    {
      "avqa": {
        "max_ms": 12.462499988032505,
        "mean_ms": 11.6053875972284,
        "median_ms": 11.592041511903517,
        "min_ms": 10.284209012752399,
        "samples_ms": [
          12.049124983604997,
          11.445000011008233,
          11.33312500314787,
          11.739083012798801,
          11.369708983693272,
          12.1761669870466,
          11.940083000808954,
          10.284209012752399,
          12.462499988032505,
          11.254874989390373
        ],
        "stdev_ms": 0.6156294479690636
      },
      "sdpa": {
        "max_ms": 1.9456669979263097,
        "mean_ms": 1.3167790981242433,
        "median_ms": 1.26629151054658,
        "min_ms": 1.0306249896530062,
        "samples_ms": [
          1.2907500204164535,
          1.1922080011572689,
          1.3845000066794455,
          1.0306249896530062,
          1.4068339951336384,
          1.9456669979263097,
          1.0642499837558717,
          1.1774580052588135,
          1.2418330006767064,
          1.4336659805849195
        ],
        "stdev_ms": 0.260071875249921
      },
      "sequence_length": 512,
      "speedup": 0.10923800689000841
    },
    {
      "avqa": {
        "max_ms": 23.78550000139512,
        "mean_ms": 22.230629198020324,
        "median_ms": 22.215250006411225,
        "min_ms": 20.69579198723659,
        "samples_ms": [
          22.10612499038689,
          23.78550000139512,
          22.385041986126453,
          22.08274998702109,
          22.214750002603978,
          22.21575001021847,
          22.596082999370992,
          22.32758401078172,
          20.69579198723659,
          21.89691600506194
        ],
        "stdev_ms": 0.7519867092175914
      },
      "sdpa": {
        "max_ms": 4.859667009441182,
        "mean_ms": 4.053645700332709,
        "median_ms": 3.9831249887356535,
        "min_ms": 3.476165991742164,
        "samples_ms": [
          4.061791987624019,
          3.9044579898472875,
          3.6918330006301403,
          3.478124999674037,
          4.142582998611033,
          4.775500012328848,
          3.476165991742164,
          3.8836250023450702,
          4.262708011083305,
          4.859667009441182
        ],
        "stdev_ms": 0.4794912331921352
      },
      "sequence_length": 1024,
      "speedup": 0.17929687883711148
    }
  ]
}