{
  "config": {
    "batch": 2,
    "cpu_count": 6,
    "embed_dim": 128,
    "head_dim": 32,
    "heads": 4,
    "num_codewords": 16,
    "platform": "macOS-26.6-arm64-arm-64bit",
    "python": "3.12.7",
    "refinement_budget": 4,
    "reps": 10,
    "seed": 0,
    "sequence_lengths": [
      128,
      256,
      512,
      1024
    ],
    "torch": "2.10.0",
    "warmup": 5
  },
  "results": [
    {
      "avqa": {
        "max_ms": 4.17708299937658,
        "mean_ms": 3.4156209032516927,
        "median_ms": 3.3625630021560937,
        "min_ms": 3.0341250239871442,
        "samples_ms": [
          3.311292006401345,
          3.42175000696443,
          3.1367499905172735,
          3.5528340085875243,
          3.333208995172754,
          3.242707985918969,
          3.0341250239871442,
          3.3919170091394335,
          3.5545410064514726,
          4.17708299937658
        ],
        "stdev_ms": 0.31436592369918
      },
      "sdpa": {
        "max_ms": 0.2281669876538217,
        "mean_ms": 0.14520010154228657,
        "median_ms": 0.12827101454604417,
        "min_ms": 0.11691698455251753,
        "samples_ms": [
          0.12962502660229802,
          0.184582982910797,
          0.2281669876538217,
          0.1568750012665987,
          0.1347920042462647,
          0.12612499995157123,
          0.1247500185854733,
          0.11691698455251753,
          0.12325000716373324,
          0.12691700248979032
        ],
        "stdev_ms": 0.0354648632415827
      },
      "sequence_length": 128,
      "speedup": 0.03814679887448833
    },
    {
      "avqa": {
        "max_ms": 7.7075830195099115,
        "mean_ms": 7.041304203448817,
        "median_ms": 6.883249996462837,
        "min_ms": 6.474042020272464,
        "samples_ms": [
          7.665125012863427,
          6.566875003045425,
          6.7081669985782355,
          6.648082984611392,
          6.988500012084842,
          6.474042020272464,
          7.529374997830018,
          7.347292004851624,
          7.7075830195099115,
          6.777999980840832
        ],
        "stdev_ms": 0.47720385453701625
      },
      "sdpa": {
        "max_ms": 0.40166699909605086,
        "mean_ms": 0.3021040029125288,
        "median_ms": 0.28641600511036813,
        "min_ms": 0.2572499797679484,
        "samples_ms": [
          0.27112499810755253,
          0.2825410047080368,
          0.3228330169804394,
          0.2798750065267086,
          0.40166699909605086,
          0.29445800464600325,
          0.2902910055126995,
          0.3473329998087138,
          0.273667013971135,
          0.2572499797679484
        ],
        "stdev_ms": 0.04377116788309004
      },
      "sequence_length": 256,
      "speedup": 0.0416105771630482
    },
    {
      "avqa": {
        "max_ms": 10.86279097944498,
        "mean_ms": 10.093316595884971,
        "median_ms": 10.139520993106999,
        "min_ms": 9.012124995933846,
        "samples_ms": [
          9.156832995358855,
          10.74525000876747,
          9.907958010444418,
          10.404750006273389,
          9.92429198231548,
          10.640124994097278,
          9.012124995933846,
          10.86279097944498,
          10.017624997999519,
          10.261416988214478
        ],
        "stdev_ms": 0.6285776792966101
      },
      "sdpa": {
        "max_ms": 1.5870830102358013,
        "mean_ms": 1.1400831950595602,
        "median_ms": 1.2049164943164214,
        "min_ms": 0.857832987094298,
        "samples_ms": [
          0.857832987094298,
          0.8710830006748438,
          0.8927079907152802,
          1.3182919938117266,
          1.2098749866709113,
          1.1999580019619316,
          0.9199159976560622,
          1.5870830102358013,
          1.265458995476365,
          1.2786249862983823
        ],
        "stdev_ms": 0.24418353472117657
      },
      "sequence_length": 512,
      "speedup": 0.11883367026268224
    },
    {
      "avqa": {
        "max_ms": 20.649957994464785,
        "mean_ms": 19.721837496035732,
        "median_ms": 19.617500001913868,
        "min_ms": 18.569499981822446,
        "samples_ms": [
          20.649957994464785,
          19.14095800020732,
          19.60616701398976,
          18.994459009263664,
          19.510415993863717,
          20.067666977411136,
          20.642958988901228,
          19.628832989837974,
          20.407458010595292,
          18.569499981822446
        ],
        "stdev_ms": 0.711856472184816
      },
      "sdpa": {
        "max_ms": 3.476125013548881,
        "mean_ms": 3.1035751017043367,
        "median_ms": 3.139812994049862,
        "min_ms": 2.730875014094636,
        "samples_ms": [
          3.1372089870274067,
          2.98641697736457,
          2.730875014094636,
          3.1424170010723174,
          2.739334013313055,
          3.476125013548881,
          3.1759580015204847,
          3.188750008121133,
          3.135166014544666,
          3.323499986436218
        ],
        "stdev_ms": 0.23299864321176084
      },
      "sequence_length": 1024,
      "speedup": 0.16005163724957536
    }
  ]
}